produto,categoria
Carregador XL,Celulares
Mouse Basic,Informática
Webcam Plus,Informática
Cadeira Gamer,Escritório
Capa Plus,Celulares
Home Theater Gamer,TV e Áudio
Home Theater Pro,TV e Áudio
Webcam XL,Informática
Capa XL,Celulares
Fone Bluetooth Pro,Celulares
Teclado Mini,Informática
Liquidificador Pro,Eletrodomésticos
Notebook Basic,Informática
Cadeira Plus,Escritório
Carregador Pro,Celulares
Liquidificador XL,Eletrodomésticos
Soundbar XL,TV e Áudio
TV LED Pro,TV e Áudio
Geladeira XL,Eletrodomésticos
Ventilador Pro,Eletrodomésticos
Fone Bluetooth Plus,Celulares
Capa Pro,Celulares
Notebook Gamer,Informática
Fone Bluetooth Mini,Celulares
Ventilador XL,Eletrodomésticos
TV LED XL,TV e Áudio
Caixa de Som Plus,TV e Áudio
Geladeira Mini,Eletrodomésticos
Mesa XL,Escritório
Notebook Pro,Informática
Organizador XL,Escritório
Capa Basic,Celulares
Aspirador XL,Eletrodomésticos
Organizador Mini,Escritório
Organizador Pro,Escritório
Soundbar Mini,TV e Áudio
Fone Bluetooth Gamer,Celulares
Webcam Mini,Informática
Carregador Mini,Celulares
Home Theater XL,TV e Áudio
Mouse Gamer,Informática
Carregador Gamer,Celulares
Smartphone Pro,Celulares
Liquidificador Basic,Eletrodomésticos
Geladeira Gamer,Eletrodomésticos
Geladeira Basic,Eletrodomésticos
Organizador Basic,Escritório
Mouse Pro,Informática
Teclado Basic,Informática
Liquidificador Plus,Eletrodomésticos
Smartphone Basic,Celulares
Caixa de Som Basic,TV e Áudio
Smartphone Gamer,Celulares
Mesa Plus,Escritório
Carregador Basic,Celulares
Teclado Pro,Informática
Home Theater Basic,TV e Áudio
Caixa de Som Mini,TV e Áudio
Monitor XL,Informática
Monitor Plus,Informática
Organizador Plus,Escritório
TV LED Basic,TV e Áudio
Fone Bluetooth XL,Celulares
Organizador Gamer,Escritório
Monitor Gamer,Informática
Monitor Basic,Informática
Capa Mini,Celulares
Cadeira Mini,Escritório
Monitor Mini,Informática
Smartphone Plus,Celulares
Carregador Plus,Celulares
Aspirador Gamer,Eletrodomésticos
Ventilador Basic,Eletrodomésticos
TV LED Gamer,TV e Áudio
Cadeira Pro,Escritório
Mesa Mini,Escritório
Webcam Gamer,Informática
Home Theater Mini,TV e Áudio
Fone Bluetooth Basic,Celulares
Ventilador Gamer,Eletrodomésticos
Webcam Basic,Informática
Monitor Pro,Informática
Soundbar Pro,TV e Áudio
Teclado Gamer,Informática
Luminária Mini,Escritório
Ventilador Plus,Eletrodomésticos
Webcam Pro,Informática
Luminária XL,Escritório
Soundbar Basic,TV e Áudio
Soundbar Gamer,TV e Áudio
Mesa Basic,Escritório
Luminária Gamer,Escritório
Cadeira Basic,Escritório
Mesa Gamer,Escritório
Ventilador Mini,Eletrodomésticos
Geladeira Plus,Eletrodomésticos
Geladeira Pro,Eletrodomésticos
Notebook Plus,Informática
Teclado Plus,Informática
Home Theater Plus,TV e Áudio
Aspirador Pro,Eletrodomésticos
Cadeira XL,Escritório
Luminária Basic,Escritório
Mouse XL,Informática
Liquidificador Mini,Eletrodomésticos
Notebook Mini,Informática
Mouse Mini,Informática
Smartphone Mini,Celulares
Luminária Pro,Escritório
Caixa de Som Gamer,TV e Áudio
Aspirador Basic,Eletrodomésticos
Soundbar Plus,TV e Áudio
Liquidificador Gamer,Eletrodomésticos
Mouse Plus,Informática
Teclado XL,Informática
TV LED Mini,TV e Áudio
Caixa de Som Pro,TV e Áudio
Aspirador Plus,Eletrodomésticos
Caixa de Som XL,TV e Áudio
Aspirador Mini,Eletrodomésticos
Luminária Plus,Escritório
Mesa Pro,Escritório
TV LED Plus,TV e Áudio
Smartphone XL,Celulares
Capa Gamer,Celulares
Notebook XL,Informática
